fname,label
Βάδο_ (1).ogg0.wav,Βάδο
Βάδο_ (10).ogg1.wav,Βάδο
Βάδο_ (11).ogg2.wav,Βάδο
Βάδο_ (12).ogg3.wav,Βάδο
Βάδο_ (13).ogg4.wav,Βάδο
Βάδο_ (14).ogg5.wav,Βάδο
Βάδο_ (15).ogg6.wav,Βάδο
Βάδο_ (16).ogg7.wav,Βάδο
Βάδο_ (17).ogg8.wav,Βάδο
Βάδο_ (18).ogg9.wav,Βάδο
Βάδο_ (19).ogg10.wav,Βάδο
Βάδο_ (2).ogg11.wav,Βάδο
Βάδο_ (20).ogg12.wav,Βάδο
Βάδο_ (21).ogg13.wav,Βάδο
Βάδο_ (22).ogg14.wav,Βάδο
Βάδο_ (23).ogg15.wav,Βάδο
Βάδο_ (24).ogg16.wav,Βάδο
Βάδο_ (25).ogg17.wav,Βάδο
Βάδο_ (26).ogg18.wav,Βάδο
Βάδο_ (27).ogg19.wav,Βάδο
Βάδο_ (3).ogg20.wav,Βάδο
Βάδο_ (4).ogg21.wav,Βάδο
Βάδο_ (5).ogg22.wav,Βάδο
Βάδο_ (6).ogg23.wav,Βάδο
Βάδο_ (7).ogg24.wav,Βάδο
Βάδο_ (8).ogg25.wav,Βάδο
Βάδο_ (9).ogg26.wav,Βάδο
Βάζο_ (1).ogg27.wav,Βάζο
Βάζο_ (10).ogg28.wav,Βάζο
Βάζο_ (11).ogg29.wav,Βάζο
Βάζο_ (12).ogg30.wav,Βάζο
Βάζο_ (13).ogg31.wav,Βάζο
Βάζο_ (14).ogg32.wav,Βάζο
Βάζο_ (15).ogg33.wav,Βάζο
Βάζο_ (16).ogg34.wav,Βάζο
Βάζο_ (17).ogg35.wav,Βάζο
Βάζο_ (18).ogg36.wav,Βάζο
Βάζο_ (19).ogg37.wav,Βάζο
Βάζο_ (2).ogg38.wav,Βάζο
Βάζο_ (20).ogg39.wav,Βάζο
Βάζο_ (21).ogg40.wav,Βάζο
Βάζο_ (22).ogg41.wav,Βάζο
Βάζο_ (23).ogg42.wav,Βάζο
Βάζο_ (24).ogg43.wav,Βάζο
Βάζο_ (25).ogg44.wav,Βάζο
Βάζο_ (26).ogg45.wav,Βάζο
Βάζο_ (27).ogg46.wav,Βάζο
Βάζο_ (28).ogg47.wav,Βάζο
Βάζο_ (29).ogg48.wav,Βάζο
Βάζο_ (3).ogg49.wav,Βάζο
Βάζο_ (30).ogg50.wav,Βάζο
Βάζο_ (31).ogg51.wav,Βάζο
Βάζο_ (4).ogg52.wav,Βάζο
Βάζο_ (5).ogg53.wav,Βάζο
Βάζο_ (6).ogg54.wav,Βάζο
Βάζο_ (7).ogg55.wav,Βάζο
Βάζο_ (8).ogg56.wav,Βάζο
Βάζο_ (9).ogg57.wav,Βάζο
Δάρι_ (1).ogg58.wav,Δάρι
Δάρι_ (10).ogg59.wav,Δάρι
Δάρι_ (11).ogg60.wav,Δάρι
Δάρι_ (12).ogg61.wav,Δάρι
Δάρι_ (13).ogg62.wav,Δάρι
Δάρι_ (14).ogg63.wav,Δάρι
Δάρι_ (15).ogg64.wav,Δάρι
Δάρι_ (16).ogg65.wav,Δάρι
Δάρι_ (17).ogg66.wav,Δάρι
Δάρι_ (18).ogg67.wav,Δάρι
Δάρι_ (19).ogg68.wav,Δάρι
Δάρι_ (2).ogg69.wav,Δάρι
Δάρι_ (20).ogg70.wav,Δάρι
Δάρι_ (21).ogg71.wav,Δάρι
Δάρι_ (22).ogg72.wav,Δάρι
Δάρι_ (23).ogg73.wav,Δάρι
Δάρι_ (24).ogg74.wav,Δάρι
Δάρι_ (25).ogg75.wav,Δάρι
Δάρι_ (26).ogg76.wav,Δάρι
Δάρι_ (27).ogg77.wav,Δάρι
Δάρι_ (28).ogg78.wav,Δάρι
Δάρι_ (3).ogg79.wav,Δάρι
Δάρι_ (4).ogg80.wav,Δάρι
Δάρι_ (5).ogg81.wav,Δάρι
Δάρι_ (6).ogg82.wav,Δάρι
Δάρι_ (7).ogg83.wav,Δάρι
Δάρι_ (8).ogg84.wav,Δάρι
Δάρι_ (9).ogg85.wav,Δάρι
Δέδη_ (1).ogg86.wav,Δέδη
Δέδη_ (10).ogg87.wav,Δέδη
Δέδη_ (11).ogg88.wav,Δέδη
Δέδη_ (12).ogg89.wav,Δέδη
Δέδη_ (13).ogg90.wav,Δέδη
Δέδη_ (14).ogg91.wav,Δέδη
Δέδη_ (15).ogg92.wav,Δέδη
Δέδη_ (16).ogg93.wav,Δέδη
Δέδη_ (17).ogg94.wav,Δέδη
Δέδη_ (18).ogg95.wav,Δέδη
Δέδη_ (19).ogg96.wav,Δέδη
Δέδη_ (2).ogg97.wav,Δέδη
Δέδη_ (20).ogg98.wav,Δέδη
Δέδη_ (21).ogg99.wav,Δέδη
Δέδη_ (22).ogg100.wav,Δέδη
Δέδη_ (23).ogg101.wav,Δέδη
Δέδη_ (24).ogg102.wav,Δέδη
Δέδη_ (25).ogg103.wav,Δέδη
Δέδη_ (26).ogg104.wav,Δέδη
Δέδη_ (27).ogg105.wav,Δέδη
Δέδη_ (28).ogg106.wav,Δέδη
Δέδη_ (29).ogg107.wav,Δέδη
Δέδη_ (3).ogg108.wav,Δέδη
Δέδη_ (30).ogg109.wav,Δέδη
Δέδη_ (4).ogg110.wav,Δέδη
Δέδη_ (5).ogg111.wav,Δέδη
Δέδη_ (6).ogg112.wav,Δέδη
Δέδη_ (7).ogg113.wav,Δέδη
Δέδη_ (8).ogg114.wav,Δέδη
Δέδη_ (9).ogg115.wav,Δέδη
Δέδου_ (1).ogg116.wav,Δέδου
Δέδου_ (10).ogg117.wav,Δέδου
Δέδου_ (11).ogg118.wav,Δέδου
Δέδου_ (12).ogg119.wav,Δέδου
Δέδου_ (13).ogg120.wav,Δέδου
Δέδου_ (14).ogg121.wav,Δέδου
Δέδου_ (15).ogg122.wav,Δέδου
Δέδου_ (16).ogg123.wav,Δέδου
Δέδου_ (17).ogg124.wav,Δέδου
Δέδου_ (18).ogg125.wav,Δέδου
Δέδου_ (19).ogg126.wav,Δέδου
Δέδου_ (2).ogg127.wav,Δέδου
Δέδου_ (20).ogg128.wav,Δέδου
Δέδου_ (21).ogg129.wav,Δέδου
Δέδου_ (22).ogg130.wav,Δέδου
Δέδου_ (23).ogg131.wav,Δέδου
Δέδου_ (24).ogg132.wav,Δέδου
Δέδου_ (25).ogg133.wav,Δέδου
Δέδου_ (26).ogg134.wav,Δέδου
Δέδου_ (27).ogg135.wav,Δέδου
Δέδου_ (28).ogg136.wav,Δέδου
Δέδου_ (3).ogg137.wav,Δέδου
Δέδου_ (4).ogg138.wav,Δέδου
Δέδου_ (5).ogg139.wav,Δέδου
Δέδου_ (6).ogg140.wav,Δέδου
Δέδου_ (7).ogg141.wav,Δέδου
Δέδου_ (8).ogg142.wav,Δέδου
Δέδου_ (9).ogg143.wav,Δέδου
Δέζη_ (1).ogg144.wav,Δέζη
Δέζη_ (10).ogg145.wav,Δέζη
Δέζη_ (11).ogg146.wav,Δέζη
Δέζη_ (12).ogg147.wav,Δέζη
Δέζη_ (13).ogg148.wav,Δέζη
Δέζη_ (14).ogg149.wav,Δέζη
Δέζη_ (15).ogg150.wav,Δέζη
Δέζη_ (16).ogg151.wav,Δέζη
Δέζη_ (17).ogg152.wav,Δέζη
Δέζη_ (18).ogg153.wav,Δέζη
Δέζη_ (19).ogg154.wav,Δέζη
Δέζη_ (2).ogg155.wav,Δέζη
Δέζη_ (20).ogg156.wav,Δέζη
Δέζη_ (21).ogg157.wav,Δέζη
Δέζη_ (22).ogg158.wav,Δέζη
Δέζη_ (23).ogg159.wav,Δέζη
Δέζη_ (24).ogg160.wav,Δέζη
Δέζη_ (25).ogg161.wav,Δέζη
Δέζη_ (26).ogg162.wav,Δέζη
Δέζη_ (27).ogg163.wav,Δέζη
Δέζη_ (28).ogg164.wav,Δέζη
Δέζη_ (3).ogg165.wav,Δέζη
Δέζη_ (4).ogg166.wav,Δέζη
Δέζη_ (5).ogg167.wav,Δέζη
Δέζη_ (6).ogg168.wav,Δέζη
Δέζη_ (7).ogg169.wav,Δέζη
Δέζη_ (8).ogg170.wav,Δέζη
Δέζη_ (9).ogg171.wav,Δέζη
Δέζου_ (1).ogg172.wav,Δέζου
Δέζου_ (10).ogg173.wav,Δέζου
Δέζου_ (11).ogg174.wav,Δέζου
Δέζου_ (12).ogg175.wav,Δέζου
Δέζου_ (13).ogg176.wav,Δέζου
Δέζου_ (14).ogg177.wav,Δέζου
Δέζου_ (15).ogg178.wav,Δέζου
Δέζου_ (16).ogg179.wav,Δέζου
Δέζου_ (17).ogg180.wav,Δέζου
Δέζου_ (18).ogg181.wav,Δέζου
Δέζου_ (19).ogg182.wav,Δέζου
Δέζου_ (2).ogg183.wav,Δέζου
Δέζου_ (20).ogg184.wav,Δέζου
Δέζου_ (21).ogg185.wav,Δέζου
Δέζου_ (22).ogg186.wav,Δέζου
Δέζου_ (23).ogg187.wav,Δέζου
Δέζου_ (24).ogg188.wav,Δέζου
Δέζου_ (25).ogg189.wav,Δέζου
Δέζου_ (26).ogg190.wav,Δέζου
Δέζου_ (27).ogg191.wav,Δέζου
Δέζου_ (28).ogg192.wav,Δέζου
Δέζου_ (3).ogg193.wav,Δέζου
Δέζου_ (4).ogg194.wav,Δέζου
Δέζου_ (5).ogg195.wav,Δέζου
Δέζου_ (6).ogg196.wav,Δέζου
Δέζου_ (7).ogg197.wav,Δέζου
Δέζου_ (8).ogg198.wav,Δέζου
Δέζου_ (9).ogg199.wav,Δέζου
Δόδα_ (1).ogg200.wav,Δόδα
Δόδα_ (10).ogg201.wav,Δόδα
Δόδα_ (11).ogg202.wav,Δόδα
Δόδα_ (12).ogg203.wav,Δόδα
Δόδα_ (13).ogg204.wav,Δόδα
Δόδα_ (14).ogg205.wav,Δόδα
Δόδα_ (15).ogg206.wav,Δόδα
Δόδα_ (16).ogg207.wav,Δόδα
Δόδα_ (17).ogg208.wav,Δόδα
Δόδα_ (18).ogg209.wav,Δόδα
Δόδα_ (19).ogg210.wav,Δόδα
Δόδα_ (2).ogg211.wav,Δόδα
Δόδα_ (20).ogg212.wav,Δόδα
Δόδα_ (21).ogg213.wav,Δόδα
Δόδα_ (22).ogg214.wav,Δόδα
Δόδα_ (23).ogg215.wav,Δόδα
Δόδα_ (24).ogg216.wav,Δόδα
Δόδα_ (25).ogg217.wav,Δόδα
Δόδα_ (26).ogg218.wav,Δόδα
Δόδα_ (27).ogg219.wav,Δόδα
Δόδα_ (3).ogg220.wav,Δόδα
Δόδα_ (4).ogg221.wav,Δόδα
Δόδα_ (5).ogg222.wav,Δόδα
Δόδα_ (6).ogg223.wav,Δόδα
Δόδα_ (7).ogg224.wav,Δόδα
Δόδα_ (8).ogg225.wav,Δόδα
Δόδα_ (9).ogg226.wav,Δόδα
Δόζα_ (1).ogg227.wav,Δόζα
Δόζα_ (10).ogg228.wav,Δόζα
Δόζα_ (11).ogg229.wav,Δόζα
Δόζα_ (12).ogg230.wav,Δόζα
Δόζα_ (13).ogg231.wav,Δόζα
Δόζα_ (14).ogg232.wav,Δόζα
Δόζα_ (15).ogg233.wav,Δόζα
Δόζα_ (16).ogg234.wav,Δόζα
Δόζα_ (17).ogg235.wav,Δόζα
Δόζα_ (18).ogg236.wav,Δόζα
Δόζα_ (19).ogg237.wav,Δόζα
Δόζα_ (2).ogg238.wav,Δόζα
Δόζα_ (20).ogg239.wav,Δόζα
Δόζα_ (21).ogg240.wav,Δόζα
Δόζα_ (22).ogg241.wav,Δόζα
Δόζα_ (23).ogg242.wav,Δόζα
Δόζα_ (24).ogg243.wav,Δόζα
Δόζα_ (25).ogg244.wav,Δόζα
Δόζα_ (26).ogg245.wav,Δόζα
Δόζα_ (27).ogg246.wav,Δόζα
Δόζα_ (28).ogg247.wav,Δόζα
Δόζα_ (3).ogg248.wav,Δόζα
Δόζα_ (4).ogg249.wav,Δόζα
Δόζα_ (5).ogg250.wav,Δόζα
Δόζα_ (6).ogg251.wav,Δόζα
Δόζα_ (7).ogg252.wav,Δόζα
Δόζα_ (8).ogg253.wav,Δόζα
Δόζα_ (9).ogg254.wav,Δόζα
Δόντι_ (1).ogg255.wav,Δόντι
Δόντι_ (10).ogg256.wav,Δόντι
Δόντι_ (11).ogg257.wav,Δόντι
Δόντι_ (12).ogg258.wav,Δόντι
Δόντι_ (13).ogg259.wav,Δόντι
Δόντι_ (14).ogg260.wav,Δόντι
Δόντι_ (15).ogg261.wav,Δόντι
Δόντι_ (16).ogg262.wav,Δόντι
Δόντι_ (17).ogg263.wav,Δόντι
Δόντι_ (18).ogg264.wav,Δόντι
Δόντι_ (19).ogg265.wav,Δόντι
Δόντι_ (2).ogg266.wav,Δόντι
Δόντι_ (20).ogg267.wav,Δόντι
Δόντι_ (21).ogg268.wav,Δόντι
Δόντι_ (22).ogg269.wav,Δόντι
Δόντι_ (23).ogg270.wav,Δόντι
Δόντι_ (24).ogg271.wav,Δόντι
Δόντι_ (25).ogg272.wav,Δόντι
Δόντι_ (26).ogg273.wav,Δόντι
Δόντι_ (27).ogg274.wav,Δόντι
Δόντι_ (28).ogg275.wav,Δόντι
Δόντι_ (3).ogg276.wav,Δόντι
Δόντι_ (4).ogg277.wav,Δόντι
Δόντι_ (5).ogg278.wav,Δόντι
Δόντι_ (6).ogg279.wav,Δόντι
Δόντι_ (7).ogg280.wav,Δόντι
Δόντι_ (8).ogg281.wav,Δόντι
Δόντι_ (9).ogg282.wav,Δόντι
Δώνη_ (1).ogg283.wav,Δώνη
Δώνη_ (10).ogg284.wav,Δώνη
Δώνη_ (11).ogg285.wav,Δώνη
Δώνη_ (12).ogg286.wav,Δώνη
Δώνη_ (13).ogg287.wav,Δώνη
Δώνη_ (14).ogg288.wav,Δώνη
Δώνη_ (15).ogg289.wav,Δώνη
Δώνη_ (16).ogg290.wav,Δώνη
Δώνη_ (17).ogg291.wav,Δώνη
Δώνη_ (18).ogg292.wav,Δώνη
Δώνη_ (19).ogg293.wav,Δώνη
Δώνη_ (2).ogg294.wav,Δώνη
Δώνη_ (20).ogg295.wav,Δώνη
Δώνη_ (21).ogg296.wav,Δώνη
Δώνη_ (22).ogg297.wav,Δώνη
Δώνη_ (23).ogg298.wav,Δώνη
Δώνη_ (24).ogg299.wav,Δώνη
Δώνη_ (25).ogg300.wav,Δώνη
Δώνη_ (26).ogg301.wav,Δώνη
Δώνη_ (27).ogg302.wav,Δώνη
Δώνη_ (28).ogg303.wav,Δώνη
Δώνη_ (29).ogg304.wav,Δώνη
Δώνη_ (3).ogg305.wav,Δώνη
Δώνη_ (4).ogg306.wav,Δώνη
Δώνη_ (5).ogg307.wav,Δώνη
Δώνη_ (6).ogg308.wav,Δώνη
Δώνη_ (7).ogg309.wav,Δώνη
Δώνη_ (8).ogg310.wav,Δώνη
Δώνη_ (9).ogg311.wav,Δώνη
Δώρο_ (1).ogg312.wav,Δώρο
Δώρο_ (10).ogg313.wav,Δώρο
Δώρο_ (11).ogg314.wav,Δώρο
Δώρο_ (12).ogg315.wav,Δώρο
Δώρο_ (13).ogg316.wav,Δώρο
Δώρο_ (14).ogg317.wav,Δώρο
Δώρο_ (15).ogg318.wav,Δώρο
Δώρο_ (16).ogg319.wav,Δώρο
Δώρο_ (17).ogg320.wav,Δώρο
Δώρο_ (18).ogg321.wav,Δώρο
Δώρο_ (19).ogg322.wav,Δώρο
Δώρο_ (2).ogg323.wav,Δώρο
Δώρο_ (20).ogg324.wav,Δώρο
Δώρο_ (21).ogg325.wav,Δώρο
Δώρο_ (22).ogg326.wav,Δώρο
Δώρο_ (23).ogg327.wav,Δώρο
Δώρο_ (24).ogg328.wav,Δώρο
Δώρο_ (25).ogg329.wav,Δώρο
Δώρο_ (26).ogg330.wav,Δώρο
Δώρο_ (27).ogg331.wav,Δώρο
Δώρο_ (28).ogg332.wav,Δώρο
Δώρο_ (29).ogg333.wav,Δώρο
Δώρο_ (3).ogg334.wav,Δώρο
Δώρο_ (30).ogg335.wav,Δώρο
Δώρο_ (4).ogg336.wav,Δώρο
Δώρο_ (5).ogg337.wav,Δώρο
Δώρο_ (6).ogg338.wav,Δώρο
Δώρο_ (7).ogg339.wav,Δώρο
Δώρο_ (8).ogg340.wav,Δώρο
Δώρο_ (9).ogg341.wav,Δώρο
Δούδα_ (1).ogg342.wav,Δούδα
Δούδα_ (10).ogg343.wav,Δούδα
Δούδα_ (11).ogg344.wav,Δούδα
Δούδα_ (12).ogg345.wav,Δούδα
Δούδα_ (13).ogg346.wav,Δούδα
Δούδα_ (14).ogg347.wav,Δούδα
Δούδα_ (15).ogg348.wav,Δούδα
Δούδα_ (16).ogg349.wav,Δούδα
Δούδα_ (17).ogg350.wav,Δούδα
Δούδα_ (18).ogg351.wav,Δούδα
Δούδα_ (19).ogg352.wav,Δούδα
Δούδα_ (2).ogg353.wav,Δούδα
Δούδα_ (20).ogg354.wav,Δούδα
Δούδα_ (21).ogg355.wav,Δούδα
Δούδα_ (22).ogg356.wav,Δούδα
Δούδα_ (23).ogg357.wav,Δούδα
Δούδα_ (24).ogg358.wav,Δούδα
Δούδα_ (25).ogg359.wav,Δούδα
Δούδα_ (26).ogg360.wav,Δούδα
Δούδα_ (27).ogg361.wav,Δούδα
Δούδα_ (28).ogg362.wav,Δούδα
Δούδα_ (29).ogg363.wav,Δούδα
Δούδα_ (3).ogg364.wav,Δούδα
Δούδα_ (30).ogg365.wav,Δούδα
Δούδα_ (4).ogg366.wav,Δούδα
Δούδα_ (5).ogg367.wav,Δούδα
Δούδα_ (6).ogg368.wav,Δούδα
Δούδα_ (7).ogg369.wav,Δούδα
Δούδα_ (8).ogg370.wav,Δούδα
Δούδα_ (9).ogg371.wav,Δούδα
Δούζα_ (1).ogg372.wav,Δούζα
Δούζα_ (10).ogg373.wav,Δούζα
Δούζα_ (11).ogg374.wav,Δούζα
Δούζα_ (12).ogg375.wav,Δούζα
Δούζα_ (13).ogg376.wav,Δούζα
Δούζα_ (14).ogg377.wav,Δούζα
Δούζα_ (15).ogg378.wav,Δούζα
Δούζα_ (16).ogg379.wav,Δούζα
Δούζα_ (17).ogg380.wav,Δούζα
Δούζα_ (18).ogg381.wav,Δούζα
Δούζα_ (19).ogg382.wav,Δούζα
Δούζα_ (2).ogg383.wav,Δούζα
Δούζα_ (20).ogg384.wav,Δούζα
Δούζα_ (21).ogg385.wav,Δούζα
Δούζα_ (22).ogg386.wav,Δούζα
Δούζα_ (23).ogg387.wav,Δούζα
Δούζα_ (24).ogg388.wav,Δούζα
Δούζα_ (25).ogg389.wav,Δούζα
Δούζα_ (26).ogg390.wav,Δούζα
Δούζα_ (27).ogg391.wav,Δούζα
Δούζα_ (28).ogg392.wav,Δούζα
Δούζα_ (3).ogg393.wav,Δούζα
Δούζα_ (4).ogg394.wav,Δούζα
Δούζα_ (5).ogg395.wav,Δούζα
Δούζα_ (6).ogg396.wav,Δούζα
Δούζα_ (7).ogg397.wav,Δούζα
Δούζα_ (8).ogg398.wav,Δούζα
Δούζα_ (9).ogg399.wav,Δούζα
Ζάρι_ (1).ogg400.wav,Ζάρι
Ζάρι_ (10).ogg401.wav,Ζάρι
Ζάρι_ (11).ogg402.wav,Ζάρι
Ζάρι_ (12).ogg403.wav,Ζάρι
Ζάρι_ (13).ogg404.wav,Ζάρι
Ζάρι_ (14).ogg405.wav,Ζάρι
Ζάρι_ (15).ogg406.wav,Ζάρι
Ζάρι_ (16).ogg407.wav,Ζάρι
Ζάρι_ (17).ogg408.wav,Ζάρι
Ζάρι_ (18).ogg409.wav,Ζάρι
Ζάρι_ (19).ogg410.wav,Ζάρι
Ζάρι_ (2).ogg411.wav,Ζάρι
Ζάρι_ (20).ogg412.wav,Ζάρι
Ζάρι_ (21).ogg413.wav,Ζάρι
Ζάρι_ (22).ogg414.wav,Ζάρι
Ζάρι_ (23).ogg415.wav,Ζάρι
Ζάρι_ (24).ogg416.wav,Ζάρι
Ζάρι_ (25).ogg417.wav,Ζάρι
Ζάρι_ (26).ogg418.wav,Ζάρι
Ζάρι_ (27).ogg419.wav,Ζάρι
Ζάρι_ (28).ogg420.wav,Ζάρι
Ζάρι_ (29).ogg421.wav,Ζάρι
Ζάρι_ (3).ogg422.wav,Ζάρι
Ζάρι_ (30).ogg423.wav,Ζάρι
Ζάρι_ (4).ogg424.wav,Ζάρι
Ζάρι_ (5).ogg425.wav,Ζάρι
Ζάρι_ (6).ogg426.wav,Ζάρι
Ζάρι_ (7).ogg427.wav,Ζάρι
Ζάρι_ (8).ogg428.wav,Ζάρι
Ζάρι_ (9).ogg429.wav,Ζάρι
Ζέδη_ (1).ogg430.wav,Ζέδη
Ζέδη_ (10).ogg431.wav,Ζέδη
Ζέδη_ (11).ogg432.wav,Ζέδη
Ζέδη_ (12).ogg433.wav,Ζέδη
Ζέδη_ (13).ogg434.wav,Ζέδη
Ζέδη_ (14).ogg435.wav,Ζέδη
Ζέδη_ (15).ogg436.wav,Ζέδη
Ζέδη_ (16).ogg437.wav,Ζέδη
Ζέδη_ (17).ogg438.wav,Ζέδη
Ζέδη_ (18).ogg439.wav,Ζέδη
Ζέδη_ (19).ogg440.wav,Ζέδη
Ζέδη_ (2).ogg441.wav,Ζέδη
Ζέδη_ (20).ogg442.wav,Ζέδη
Ζέδη_ (21).ogg443.wav,Ζέδη
Ζέδη_ (22).ogg444.wav,Ζέδη
Ζέδη_ (23).ogg445.wav,Ζέδη
Ζέδη_ (24).ogg446.wav,Ζέδη
Ζέδη_ (25).ogg447.wav,Ζέδη
Ζέδη_ (26).ogg448.wav,Ζέδη
Ζέδη_ (27).ogg449.wav,Ζέδη
Ζέδη_ (3).ogg450.wav,Ζέδη
Ζέδη_ (4).ogg451.wav,Ζέδη
Ζέδη_ (5).ogg452.wav,Ζέδη
Ζέδη_ (6).ogg453.wav,Ζέδη
Ζέδη_ (7).ogg454.wav,Ζέδη
Ζέδη_ (8).ogg455.wav,Ζέδη
Ζέδη_ (9).ogg456.wav,Ζέδη
Ζέδου_ (1).ogg457.wav,Ζέδου
Ζέδου_ (10).ogg458.wav,Ζέδου
Ζέδου_ (11).ogg459.wav,Ζέδου
Ζέδου_ (12).ogg460.wav,Ζέδου
Ζέδου_ (13).ogg461.wav,Ζέδου
Ζέδου_ (14).ogg462.wav,Ζέδου
Ζέδου_ (15).ogg463.wav,Ζέδου
Ζέδου_ (16).ogg464.wav,Ζέδου
Ζέδου_ (17).ogg465.wav,Ζέδου
Ζέδου_ (18).ogg466.wav,Ζέδου
Ζέδου_ (19).ogg467.wav,Ζέδου
Ζέδου_ (2).ogg468.wav,Ζέδου
Ζέδου_ (20).ogg469.wav,Ζέδου
Ζέδου_ (21).ogg470.wav,Ζέδου
Ζέδου_ (22).ogg471.wav,Ζέδου
Ζέδου_ (23).ogg472.wav,Ζέδου
Ζέδου_ (24).ogg473.wav,Ζέδου
Ζέδου_ (25).ogg474.wav,Ζέδου
Ζέδου_ (26).ogg475.wav,Ζέδου
Ζέδου_ (3).ogg476.wav,Ζέδου
Ζέδου_ (4).ogg477.wav,Ζέδου
Ζέδου_ (5).ogg478.wav,Ζέδου
Ζέδου_ (6).ogg479.wav,Ζέδου
Ζέδου_ (7).ogg480.wav,Ζέδου
Ζέδου_ (8).ogg481.wav,Ζέδου
Ζέδου_ (9).ogg482.wav,Ζέδου
Ζέζου_ (1).ogg483.wav,Ζέζου
Ζέζου_ (10).ogg484.wav,Ζέζου
Ζέζου_ (11).ogg485.wav,Ζέζου
Ζέζου_ (12).ogg486.wav,Ζέζου
Ζέζου_ (13).ogg487.wav,Ζέζου
Ζέζου_ (14).ogg488.wav,Ζέζου
Ζέζου_ (15).ogg489.wav,Ζέζου
Ζέζου_ (16).ogg490.wav,Ζέζου
Ζέζου_ (17).ogg491.wav,Ζέζου
Ζέζου_ (18).ogg492.wav,Ζέζου
Ζέζου_ (19).ogg493.wav,Ζέζου
Ζέζου_ (2).ogg494.wav,Ζέζου
Ζέζου_ (20).ogg495.wav,Ζέζου
Ζέζου_ (21).ogg496.wav,Ζέζου
Ζέζου_ (22).ogg497.wav,Ζέζου
Ζέζου_ (23).ogg498.wav,Ζέζου
Ζέζου_ (24).ogg499.wav,Ζέζου
Ζέζου_ (25).ogg500.wav,Ζέζου
Ζέζου_ (26).ogg501.wav,Ζέζου
Ζέζου_ (27).ogg502.wav,Ζέζου
Ζέζου_ (28).ogg503.wav,Ζέζου
Ζέζου_ (29).ogg504.wav,Ζέζου
Ζέζου_ (3).ogg505.wav,Ζέζου
Ζέζου_ (4).ogg506.wav,Ζέζου
Ζέζου_ (5).ogg507.wav,Ζέζου
Ζέζου_ (6).ogg508.wav,Ζέζου
Ζέζου_ (7).ogg509.wav,Ζέζου
Ζέζου_ (8).ogg510.wav,Ζέζου
Ζέζου_ (9).ogg511.wav,Ζέζου
Ζόδα_ (1).ogg512.wav,Ζόδα
Ζόδα_ (10).ogg513.wav,Ζόδα
Ζόδα_ (11).ogg514.wav,Ζόδα
Ζόδα_ (12).ogg515.wav,Ζόδα
Ζόδα_ (13).ogg516.wav,Ζόδα
Ζόδα_ (14).ogg517.wav,Ζόδα
Ζόδα_ (15).ogg518.wav,Ζόδα
Ζόδα_ (16).ogg519.wav,Ζόδα
Ζόδα_ (17).ogg520.wav,Ζόδα
Ζόδα_ (18).ogg521.wav,Ζόδα
Ζόδα_ (19).ogg522.wav,Ζόδα
Ζόδα_ (2).ogg523.wav,Ζόδα
Ζόδα_ (20).ogg524.wav,Ζόδα
Ζόδα_ (21).ogg525.wav,Ζόδα
Ζόδα_ (22).ogg526.wav,Ζόδα
Ζόδα_ (23).ogg527.wav,Ζόδα
Ζόδα_ (24).ogg528.wav,Ζόδα
Ζόδα_ (25).ogg529.wav,Ζόδα
Ζόδα_ (26).ogg530.wav,Ζόδα
Ζόδα_ (27).ogg531.wav,Ζόδα
Ζόδα_ (28).ogg532.wav,Ζόδα
Ζόδα_ (3).ogg533.wav,Ζόδα
Ζόδα_ (4).ogg534.wav,Ζόδα
Ζόδα_ (5).ogg535.wav,Ζόδα
Ζόδα_ (6).ogg536.wav,Ζόδα
Ζόδα_ (7).ogg537.wav,Ζόδα
Ζόδα_ (8).ogg538.wav,Ζόδα
Ζόδα_ (9).ogg539.wav,Ζόδα
Ζόζα_ (1).ogg540.wav,Ζόζα
Ζόζα_ (10).ogg541.wav,Ζόζα
Ζόζα_ (11).ogg542.wav,Ζόζα
Ζόζα_ (12).ogg543.wav,Ζόζα
Ζόζα_ (13).ogg544.wav,Ζόζα
Ζόζα_ (14).ogg545.wav,Ζόζα
Ζόζα_ (15).ogg546.wav,Ζόζα
Ζόζα_ (16).ogg547.wav,Ζόζα
Ζόζα_ (17).ogg548.wav,Ζόζα
Ζόζα_ (18).ogg549.wav,Ζόζα
Ζόζα_ (19).ogg550.wav,Ζόζα
Ζόζα_ (2).ogg551.wav,Ζόζα
Ζόζα_ (20).ogg552.wav,Ζόζα
Ζόζα_ (21).ogg553.wav,Ζόζα
Ζόζα_ (22).ogg554.wav,Ζόζα
Ζόζα_ (23).ogg555.wav,Ζόζα
Ζόζα_ (24).ogg556.wav,Ζόζα
Ζόζα_ (25).ogg557.wav,Ζόζα
Ζόζα_ (26).ogg558.wav,Ζόζα
Ζόζα_ (27).ogg559.wav,Ζόζα
Ζόζα_ (28).ogg560.wav,Ζόζα
Ζόζα_ (29).ogg561.wav,Ζόζα
Ζόζα_ (3).ogg562.wav,Ζόζα
Ζόζα_ (4).ogg563.wav,Ζόζα
Ζόζα_ (5).ogg564.wav,Ζόζα
Ζόζα_ (6).ogg565.wav,Ζόζα
Ζόζα_ (7).ogg566.wav,Ζόζα
Ζόζα_ (8).ogg567.wav,Ζόζα
Ζόζα_ (9).ogg568.wav,Ζόζα
Ζόντι_ (1).ogg569.wav,Ζόντι
Ζόντι_ (10).ogg570.wav,Ζόντι
Ζόντι_ (11).ogg571.wav,Ζόντι
Ζόντι_ (12).ogg572.wav,Ζόντι
Ζόντι_ (13).ogg573.wav,Ζόντι
Ζόντι_ (14).ogg574.wav,Ζόντι
Ζόντι_ (15).ogg575.wav,Ζόντι
Ζόντι_ (16).ogg576.wav,Ζόντι
Ζόντι_ (17).ogg577.wav,Ζόντι
Ζόντι_ (18).ogg578.wav,Ζόντι
Ζόντι_ (19).ogg579.wav,Ζόντι
Ζόντι_ (2).ogg580.wav,Ζόντι
Ζόντι_ (20).ogg581.wav,Ζόντι
Ζόντι_ (21).ogg582.wav,Ζόντι
Ζόντι_ (22).ogg583.wav,Ζόντι
Ζόντι_ (23).ogg584.wav,Ζόντι
Ζόντι_ (24).ogg585.wav,Ζόντι
Ζόντι_ (25).ogg586.wav,Ζόντι
Ζόντι_ (26).ogg587.wav,Ζόντι
Ζόντι_ (27).ogg588.wav,Ζόντι
Ζόντι_ (28).ogg589.wav,Ζόντι
Ζόντι_ (29).ogg590.wav,Ζόντι
Ζόντι_ (3).ogg591.wav,Ζόντι
Ζόντι_ (30).ogg592.wav,Ζόντι
Ζόντι_ (4).ogg593.wav,Ζόντι
Ζόντι_ (5).ogg594.wav,Ζόντι
Ζόντι_ (6).ogg595.wav,Ζόντι
Ζόντι_ (7).ogg596.wav,Ζόντι
Ζόντι_ (8).ogg597.wav,Ζόντι
Ζόντι_ (9).ogg598.wav,Ζόντι
Ζώνη_ (1).ogg599.wav,Ζώνη
Ζώνη_ (10).ogg600.wav,Ζώνη
Ζώνη_ (11).ogg601.wav,Ζώνη
Ζώνη_ (12).ogg602.wav,Ζώνη
Ζώνη_ (13).ogg603.wav,Ζώνη
Ζώνη_ (14).ogg604.wav,Ζώνη
Ζώνη_ (15).ogg605.wav,Ζώνη
Ζώνη_ (16).ogg606.wav,Ζώνη
Ζώνη_ (17).ogg607.wav,Ζώνη
Ζώνη_ (18).ogg608.wav,Ζώνη
Ζώνη_ (19).ogg609.wav,Ζώνη
Ζώνη_ (2).ogg610.wav,Ζώνη
Ζώνη_ (20).ogg611.wav,Ζώνη
Ζώνη_ (21).ogg612.wav,Ζώνη
Ζώνη_ (22).ogg613.wav,Ζώνη
Ζώνη_ (23).ogg614.wav,Ζώνη
Ζώνη_ (24).ogg615.wav,Ζώνη
Ζώνη_ (25).ogg616.wav,Ζώνη
Ζώνη_ (26).ogg617.wav,Ζώνη
Ζώνη_ (27).ogg618.wav,Ζώνη
Ζώνη_ (28).ogg619.wav,Ζώνη
Ζώνη_ (29).ogg620.wav,Ζώνη
Ζώνη_ (3).ogg621.wav,Ζώνη
Ζώνη_ (30).ogg622.wav,Ζώνη
Ζώνη_ (4).ogg623.wav,Ζώνη
Ζώνη_ (5).ogg624.wav,Ζώνη
Ζώνη_ (6).ogg625.wav,Ζώνη
Ζώνη_ (7).ogg626.wav,Ζώνη
Ζώνη_ (8).ogg627.wav,Ζώνη
Ζώνη_ (9).ogg628.wav,Ζώνη
Ζώρο_ (1).ogg629.wav,Ζώρο
Ζώρο_ (10).ogg630.wav,Ζώρο
Ζώρο_ (11).ogg631.wav,Ζώρο
Ζώρο_ (12).ogg632.wav,Ζώρο
Ζώρο_ (13).ogg633.wav,Ζώρο
Ζώρο_ (14).ogg634.wav,Ζώρο
Ζώρο_ (15).ogg635.wav,Ζώρο
Ζώρο_ (16).ogg636.wav,Ζώρο
Ζώρο_ (17).ogg637.wav,Ζώρο
Ζώρο_ (18).ogg638.wav,Ζώρο
Ζώρο_ (19).ogg639.wav,Ζώρο
Ζώρο_ (2).ogg640.wav,Ζώρο
Ζώρο_ (20).ogg641.wav,Ζώρο
Ζώρο_ (21).ogg642.wav,Ζώρο
Ζώρο_ (22).ogg643.wav,Ζώρο
Ζώρο_ (23).ogg644.wav,Ζώρο
Ζώρο_ (24).ogg645.wav,Ζώρο
Ζώρο_ (25).ogg646.wav,Ζώρο
Ζώρο_ (26).ogg647.wav,Ζώρο
Ζώρο_ (27).ogg648.wav,Ζώρο
Ζώρο_ (28).ogg649.wav,Ζώρο
Ζώρο_ (29).ogg650.wav,Ζώρο
Ζώρο_ (3).ogg651.wav,Ζώρο
Ζώρο_ (4).ogg652.wav,Ζώρο
Ζώρο_ (5).ogg653.wav,Ζώρο
Ζώρο_ (6).ogg654.wav,Ζώρο
Ζώρο_ (7).ogg655.wav,Ζώρο
Ζώρο_ (8).ogg656.wav,Ζώρο
Ζώρο_ (9).ogg657.wav,Ζώρο
Ζεζη_ (1).ogg658.wav,Ζεζη
Ζεζη_ (10).ogg659.wav,Ζεζη
Ζεζη_ (11).ogg660.wav,Ζεζη
Ζεζη_ (12).ogg661.wav,Ζεζη
Ζεζη_ (13).ogg662.wav,Ζεζη
Ζεζη_ (14).ogg663.wav,Ζεζη
Ζεζη_ (15).ogg664.wav,Ζεζη
Ζεζη_ (16).ogg665.wav,Ζεζη
Ζεζη_ (17).ogg666.wav,Ζεζη
Ζεζη_ (18).ogg667.wav,Ζεζη
Ζεζη_ (19).ogg668.wav,Ζεζη
Ζεζη_ (2).ogg669.wav,Ζεζη
Ζεζη_ (20).ogg670.wav,Ζεζη
Ζεζη_ (21).ogg671.wav,Ζεζη
Ζεζη_ (22).ogg672.wav,Ζεζη
Ζεζη_ (23).ogg673.wav,Ζεζη
Ζεζη_ (24).ogg674.wav,Ζεζη
Ζεζη_ (25).ogg675.wav,Ζεζη
Ζεζη_ (26).ogg676.wav,Ζεζη
Ζεζη_ (27).ogg677.wav,Ζεζη
Ζεζη_ (28).ogg678.wav,Ζεζη
Ζεζη_ (29).ogg679.wav,Ζεζη
Ζεζη_ (3).ogg680.wav,Ζεζη
Ζεζη_ (4).ogg681.wav,Ζεζη
Ζεζη_ (5).ogg682.wav,Ζεζη
Ζεζη_ (6).ogg683.wav,Ζεζη
Ζεζη_ (7).ogg684.wav,Ζεζη
Ζεζη_ (8).ogg685.wav,Ζεζη
Ζεζη_ (9).ogg686.wav,Ζεζη
Ζούδα_ (1).ogg687.wav,Ζούδα
Ζούδα_ (10).ogg688.wav,Ζούδα
Ζούδα_ (11).ogg689.wav,Ζούδα
Ζούδα_ (12).ogg690.wav,Ζούδα
Ζούδα_ (13).ogg691.wav,Ζούδα
Ζούδα_ (14).ogg692.wav,Ζούδα
Ζούδα_ (15).ogg693.wav,Ζούδα
Ζούδα_ (16).ogg694.wav,Ζούδα
Ζούδα_ (17).ogg695.wav,Ζούδα
Ζούδα_ (18).ogg696.wav,Ζούδα
Ζούδα_ (19).ogg697.wav,Ζούδα
Ζούδα_ (2).ogg698.wav,Ζούδα
Ζούδα_ (20).ogg699.wav,Ζούδα
Ζούδα_ (21).ogg700.wav,Ζούδα
Ζούδα_ (22).ogg701.wav,Ζούδα
Ζούδα_ (23).ogg702.wav,Ζούδα
Ζούδα_ (24).ogg703.wav,Ζούδα
Ζούδα_ (25).ogg704.wav,Ζούδα
Ζούδα_ (26).ogg705.wav,Ζούδα
Ζούδα_ (3).ogg706.wav,Ζούδα
Ζούδα_ (4).ogg707.wav,Ζούδα
Ζούδα_ (5).ogg708.wav,Ζούδα
Ζούδα_ (6).ogg709.wav,Ζούδα
Ζούδα_ (7).ogg710.wav,Ζούδα
Ζούδα_ (8).ogg711.wav,Ζούδα
Ζούδα_ (9).ogg712.wav,Ζούδα
Ζούζα_ (1).ogg713.wav,Ζούζα
Ζούζα_ (10).ogg714.wav,Ζούζα
Ζούζα_ (11).ogg715.wav,Ζούζα
Ζούζα_ (12).ogg716.wav,Ζούζα
Ζούζα_ (13).ogg717.wav,Ζούζα
Ζούζα_ (14).ogg718.wav,Ζούζα
Ζούζα_ (15).ogg719.wav,Ζούζα
Ζούζα_ (16).ogg720.wav,Ζούζα
Ζούζα_ (17).ogg721.wav,Ζούζα
Ζούζα_ (18).ogg722.wav,Ζούζα
Ζούζα_ (19).ogg723.wav,Ζούζα
Ζούζα_ (2).ogg724.wav,Ζούζα
Ζούζα_ (20).ogg725.wav,Ζούζα
Ζούζα_ (21).ogg726.wav,Ζούζα
Ζούζα_ (22).ogg727.wav,Ζούζα
Ζούζα_ (23).ogg728.wav,Ζούζα
Ζούζα_ (24).ogg729.wav,Ζούζα
Ζούζα_ (25).ogg730.wav,Ζούζα
Ζούζα_ (26).ogg731.wav,Ζούζα
Ζούζα_ (27).ogg732.wav,Ζούζα
Ζούζα_ (3).ogg733.wav,Ζούζα
Ζούζα_ (4).ogg734.wav,Ζούζα
Ζούζα_ (5).ogg735.wav,Ζούζα
Ζούζα_ (6).ogg736.wav,Ζούζα
Ζούζα_ (7).ogg737.wav,Ζούζα
Ζούζα_ (8).ogg738.wav,Ζούζα
Ζούζα_ (9).ogg739.wav,Ζούζα
Κάδος_ (1).ogg740.wav,Κάδος
Κάδος_ (10).ogg741.wav,Κάδος
Κάδος_ (11).ogg742.wav,Κάδος
Κάδος_ (12).ogg743.wav,Κάδος
Κάδος_ (13).ogg744.wav,Κάδος
Κάδος_ (14).ogg745.wav,Κάδος
Κάδος_ (15).ogg746.wav,Κάδος
Κάδος_ (16).ogg747.wav,Κάδος
Κάδος_ (17).ogg748.wav,Κάδος
Κάδος_ (18).ogg749.wav,Κάδος
Κάδος_ (19).ogg750.wav,Κάδος
Κάδος_ (2).ogg751.wav,Κάδος
Κάδος_ (20).ogg752.wav,Κάδος
Κάδος_ (21).ogg753.wav,Κάδος
Κάδος_ (22).ogg754.wav,Κάδος
Κάδος_ (23).ogg755.wav,Κάδος
Κάδος_ (24).ogg756.wav,Κάδος
Κάδος_ (25).ogg757.wav,Κάδος
Κάδος_ (26).ogg758.wav,Κάδος
Κάδος_ (27).ogg759.wav,Κάδος
Κάδος_ (28).ogg760.wav,Κάδος
Κάδος_ (29).ogg761.wav,Κάδος
Κάδος_ (3).ogg762.wav,Κάδος
Κάδος_ (30).ogg763.wav,Κάδος
Κάδος_ (4).ogg764.wav,Κάδος
Κάδος_ (5).ogg765.wav,Κάδος
Κάδος_ (6).ogg766.wav,Κάδος
Κάδος_ (7).ogg767.wav,Κάδος
Κάδος_ (8).ogg768.wav,Κάδος
Κάδος_ (9).ogg769.wav,Κάδος
Κάζος_ (1).ogg770.wav,Κάζος
Κάζος_ (10).ogg771.wav,Κάζος
Κάζος_ (11).ogg772.wav,Κάζος
Κάζος_ (12).ogg773.wav,Κάζος
Κάζος_ (13).ogg774.wav,Κάζος
Κάζος_ (14).ogg775.wav,Κάζος
Κάζος_ (15).ogg776.wav,Κάζος
Κάζος_ (16).ogg777.wav,Κάζος
Κάζος_ (17).ogg778.wav,Κάζος
Κάζος_ (18).ogg779.wav,Κάζος
Κάζος_ (19).ogg780.wav,Κάζος
Κάζος_ (2).ogg781.wav,Κάζος
Κάζος_ (20).ogg782.wav,Κάζος
Κάζος_ (21).ogg783.wav,Κάζος
Κάζος_ (22).ogg784.wav,Κάζος
Κάζος_ (23).ogg785.wav,Κάζος
Κάζος_ (24).ogg786.wav,Κάζος
Κάζος_ (25).ogg787.wav,Κάζος
Κάζος_ (26).ogg788.wav,Κάζος
Κάζος_ (27).ogg789.wav,Κάζος
Κάζος_ (28).ogg790.wav,Κάζος
Κάζος_ (3).ogg791.wav,Κάζος
Κάζος_ (4).ogg792.wav,Κάζος
Κάζος_ (5).ogg793.wav,Κάζος
Κάζος_ (6).ogg794.wav,Κάζος
Κάζος_ (7).ogg795.wav,Κάζος
Κάζος_ (8).ogg796.wav,Κάζος
Κάζος_ (9).ogg797.wav,Κάζος
Πόδι_ (1).ogg798.wav,Πόδι
Πόδι_ (10).ogg799.wav,Πόδι
Πόδι_ (11).ogg800.wav,Πόδι
Πόδι_ (12).ogg801.wav,Πόδι
Πόδι_ (13).ogg802.wav,Πόδι
Πόδι_ (14).ogg803.wav,Πόδι
Πόδι_ (15).ogg804.wav,Πόδι
Πόδι_ (16).ogg805.wav,Πόδι
Πόδι_ (17).ogg806.wav,Πόδι
Πόδι_ (18).ogg807.wav,Πόδι
Πόδι_ (19).ogg808.wav,Πόδι
Πόδι_ (2).ogg809.wav,Πόδι
Πόδι_ (20).ogg810.wav,Πόδι
Πόδι_ (21).ogg811.wav,Πόδι
Πόδι_ (22).ogg812.wav,Πόδι
Πόδι_ (23).ogg813.wav,Πόδι
Πόδι_ (24).ogg814.wav,Πόδι
Πόδι_ (25).ogg815.wav,Πόδι
Πόδι_ (26).ogg816.wav,Πόδι
Πόδι_ (27).ogg817.wav,Πόδι
Πόδι_ (28).ogg818.wav,Πόδι
Πόδι_ (29).ogg819.wav,Πόδι
Πόδι_ (3).ogg820.wav,Πόδι
Πόδι_ (30).ogg821.wav,Πόδι
Πόδι_ (4).ogg822.wav,Πόδι
Πόδι_ (5).ogg823.wav,Πόδι
Πόδι_ (6).ogg824.wav,Πόδι
Πόδι_ (7).ogg825.wav,Πόδι
Πόδι_ (8).ogg826.wav,Πόδι
Πόδι_ (9).ogg827.wav,Πόδι
Πόζι_ (1).ogg828.wav,Πόζι
Πόζι_ (10).ogg829.wav,Πόζι
Πόζι_ (11).ogg830.wav,Πόζι
Πόζι_ (12).ogg831.wav,Πόζι
Πόζι_ (13).ogg832.wav,Πόζι
Πόζι_ (14).ogg833.wav,Πόζι
Πόζι_ (15).ogg834.wav,Πόζι
Πόζι_ (16).ogg835.wav,Πόζι
Πόζι_ (17).ogg836.wav,Πόζι
Πόζι_ (18).ogg837.wav,Πόζι
Πόζι_ (19).ogg838.wav,Πόζι
Πόζι_ (2).ogg839.wav,Πόζι
Πόζι_ (20).ogg840.wav,Πόζι
Πόζι_ (21).ogg841.wav,Πόζι
Πόζι_ (22).ogg842.wav,Πόζι
Πόζι_ (23).ogg843.wav,Πόζι
Πόζι_ (24).ogg844.wav,Πόζι
Πόζι_ (25).ogg845.wav,Πόζι
Πόζι_ (26).ogg846.wav,Πόζι
Πόζι_ (27).ogg847.wav,Πόζι
Πόζι_ (28).ogg848.wav,Πόζι
Πόζι_ (3).ogg849.wav,Πόζι
Πόζι_ (4).ogg850.wav,Πόζι
Πόζι_ (5).ogg851.wav,Πόζι
Πόζι_ (6).ogg852.wav,Πόζι
Πόζι_ (7).ogg853.wav,Πόζι
Πόζι_ (8).ogg854.wav,Πόζι
Πόζι_ (9).ogg855.wav,Πόζι
Ρύδι_ (1).ogg856.wav,Ρύδι
Ρύδι_ (10).ogg857.wav,Ρύδι
Ρύδι_ (11).ogg858.wav,Ρύδι
Ρύδι_ (12).ogg859.wav,Ρύδι
Ρύδι_ (13).ogg860.wav,Ρύδι
Ρύδι_ (14).ogg861.wav,Ρύδι
Ρύδι_ (15).ogg862.wav,Ρύδι
Ρύδι_ (16).ogg863.wav,Ρύδι
Ρύδι_ (17).ogg864.wav,Ρύδι
Ρύδι_ (18).ogg865.wav,Ρύδι
Ρύδι_ (19).ogg866.wav,Ρύδι
Ρύδι_ (2).ogg867.wav,Ρύδι
Ρύδι_ (20).ogg868.wav,Ρύδι
Ρύδι_ (21).ogg869.wav,Ρύδι
Ρύδι_ (22).ogg870.wav,Ρύδι
Ρύδι_ (23).ogg871.wav,Ρύδι
Ρύδι_ (24).ogg872.wav,Ρύδι
Ρύδι_ (25).ogg873.wav,Ρύδι
Ρύδι_ (26).ogg874.wav,Ρύδι
Ρύδι_ (27).ogg875.wav,Ρύδι
Ρύδι_ (28).ogg876.wav,Ρύδι
Ρύδι_ (29).ogg877.wav,Ρύδι
Ρύδι_ (3).ogg878.wav,Ρύδι
Ρύδι_ (4).ogg879.wav,Ρύδι
Ρύδι_ (5).ogg880.wav,Ρύδι
Ρύδι_ (6).ogg881.wav,Ρύδι
Ρύδι_ (7).ogg882.wav,Ρύδι
Ρύδι_ (8).ogg883.wav,Ρύδι
Ρύδι_ (9).ogg884.wav,Ρύδι
Ρύζι_ (1).ogg885.wav,Ρύζι
Ρύζι_ (10).ogg886.wav,Ρύζι
Ρύζι_ (11).ogg887.wav,Ρύζι
Ρύζι_ (12).ogg888.wav,Ρύζι
Ρύζι_ (13).ogg889.wav,Ρύζι
Ρύζι_ (14).ogg890.wav,Ρύζι
Ρύζι_ (15).ogg891.wav,Ρύζι
Ρύζι_ (16).ogg892.wav,Ρύζι
Ρύζι_ (17).ogg893.wav,Ρύζι
Ρύζι_ (18).ogg894.wav,Ρύζι
Ρύζι_ (19).ogg895.wav,Ρύζι
Ρύζι_ (2).ogg896.wav,Ρύζι
Ρύζι_ (20).ogg897.wav,Ρύζι
Ρύζι_ (21).ogg898.wav,Ρύζι
Ρύζι_ (22).ogg899.wav,Ρύζι
Ρύζι_ (23).ogg900.wav,Ρύζι
Ρύζι_ (24).ogg901.wav,Ρύζι
Ρύζι_ (25).ogg902.wav,Ρύζι
Ρύζι_ (26).ogg903.wav,Ρύζι
Ρύζι_ (27).ogg904.wav,Ρύζι
Ρύζι_ (28).ogg905.wav,Ρύζι
Ρύζι_ (29).ogg906.wav,Ρύζι
Ρύζι_ (3).ogg907.wav,Ρύζι
Ρύζι_ (4).ogg908.wav,Ρύζι
Ρύζι_ (5).ogg909.wav,Ρύζι
Ρύζι_ (6).ogg910.wav,Ρύζι
Ρύζι_ (7).ogg911.wav,Ρύζι
Ρύζι_ (8).ogg912.wav,Ρύζι
Ρύζι_ (9).ogg913.wav,Ρύζι
Βάζο_alekos_e595a85f9aa9498babbef8aea507ac2c_9d50306e7e1b4202825b5a77eeafb326.ogg.wav,Βάζο
Δέζη_alekos_e595a85f9aa9498babbef8aea507ac2c_87f6fabb4cab47228e1911124b357f71.ogg.wav,Δέζη
Δόντι_alekos_e595a85f9aa9498babbef8aea507ac2c_9fe2b1c81c40427b8e5298a90d5c7ef9.ogg.wav,Δόντι
Δώρο_alekos_e595a85f9aa9498babbef8aea507ac2c_9400b71fc11043798c61602bb5bfa724.ogg.wav,Δώρο
Δούζα_alekos_e595a85f9aa9498babbef8aea507ac2c_46a9061747604a3fb74a37a421abe82e.ogg.wav,Δούζα
Ζάρι_alekos_e595a85f9aa9498babbef8aea507ac2c_234a6da9b65544908c9c47b70692bf2c.ogg.wav,Ζάρι
Ζέδου_alekos_e595a85f9aa9498babbef8aea507ac2c_bc19ce1033c14907b2d7da749534c8f1.ogg.wav,Ζέδου
Ζόδα_alekos_e595a85f9aa9498babbef8aea507ac2c_263c8852ae9b44d5908c87b8b1ec592c.ogg.wav,Ζόδα
Ζώνη_alekos_e595a85f9aa9498babbef8aea507ac2c_76d10d2e992c4d7fb2fc8d054c0d72ec.ogg.wav,Ζώνη
Κάδος_alekos_e595a85f9aa9498babbef8aea507ac2c_49177fec29bb4755999ee2538bb3262f.ogg.wav,Κάδος
Πόδι_alekos_e595a85f9aa9498babbef8aea507ac2c_69b4a7c59b604dcf91cc4e54cdce1237.ogg.wav,Πόδι
Ρύζι_alekos_e595a85f9aa9498babbef8aea507ac2c_9b2eed1002174d46930c713fc33cde00.ogg.wav,Ρύζι
Βάζο_fra_c00b45ec72d94da6bbe30e1c46c75284_7b6a9b6c39d440158acd4e0d77cc9dbe.ogg.wav,Βάζο
Δέζη_fra_c00b45ec72d94da6bbe30e1c46c75284_ee7a22fbe0bd417a86f005edbfe0373c.ogg.wav,Δέζη
Δόντι_fra_c00b45ec72d94da6bbe30e1c46c75284_aec304e197ca4915b407201549b0c20b.ogg.wav,Δόντι
Δώρο_fra_c00b45ec72d94da6bbe30e1c46c75284_3e5984ef7f9c4af79ade4e7018731eef.ogg.wav,Δώρο
Δούζα_fra_c00b45ec72d94da6bbe30e1c46c75284_d45f5c2a11a64bfcb785d75c8efcc047.ogg.wav,Δούζα
Ζάρι_fra_c00b45ec72d94da6bbe30e1c46c75284_289ea481cc794cf7bdbbfd06179baa54.ogg.wav,Ζάρι
Ζέδου_fra_c00b45ec72d94da6bbe30e1c46c75284_7c4ef7376c8e43aba2fc26ef199d2a09.ogg.wav,Ζέδου
Ζόδα_fra_c00b45ec72d94da6bbe30e1c46c75284_cc214af9b3504c3fa38e129b75337a24.ogg.wav,Ζόδα
Ζώνη_fra_c00b45ec72d94da6bbe30e1c46c75284_8d2da8c1f49b47cc85f101897c9f0b30.ogg.wav,Ζώνη
Κάδος_fra_c00b45ec72d94da6bbe30e1c46c75284_56f972d2c89b48198b816ce2f7faf435.ogg.wav,Κάδος
Πόδι_fra_c00b45ec72d94da6bbe30e1c46c75284_a6a19b304dea45afbbd192ca0060aef2.ogg.wav,Πόδι
Ρύζι_fra_c00b45ec72d94da6bbe30e1c46c75284_f03e447969f84d83b87cc347c3333bac.ogg.wav,Ρύζι
Βάζο_vagis_6deb5eec5eca4cfda7400f142566ddb7_651f0ca394bc4cfa9123fde4cc840ea6.ogg.wav,Βάζο
Δέζη_vagis_6deb5eec5eca4cfda7400f142566ddb7_426a81ecc8d54a449e062e50f2d0ce46.ogg.wav,Δέζη
Δόντι_vagis_6deb5eec5eca4cfda7400f142566ddb7_429382768fae486c84e182ce973bbcc5.ogg.wav,Δόντι
Δώρο_vagis_6deb5eec5eca4cfda7400f142566ddb7_e691c309f42e4b20a1f010ce495adeae.ogg.wav,Δώρο
Δούζα_vagis_6deb5eec5eca4cfda7400f142566ddb7_568aa4dcca86416492fd3d78befbba54.ogg.wav,Δούζα
Ζάρι_vagis_6deb5eec5eca4cfda7400f142566ddb7_68a25f069a044454919105c51cd83d20.ogg.wav,Ζάρι
Ζέδου_vagis_6deb5eec5eca4cfda7400f142566ddb7_1e843189f85443e7989b33bc889e4162.ogg.wav,Ζέδου
Ζόδα_vagis_6deb5eec5eca4cfda7400f142566ddb7_a63e0deae3934453a308be1ed6eb9614.ogg.wav,Ζόδα
Ζώνη_vagis_6deb5eec5eca4cfda7400f142566ddb7_76fa2a4dbef04c62ac47cab8de5ee2ec.ogg.wav,Ζώνη
Κάδος_vagis_6deb5eec5eca4cfda7400f142566ddb7_2ace284204ad452e8244e4be6b288ff5.ogg.wav,Κάδος
Πόδι_vagis_6deb5eec5eca4cfda7400f142566ddb7_31ece69be0304bd7933c9bb456035bfc.ogg.wav,Πόδι
Ρύζι_vagis_6deb5eec5eca4cfda7400f142566ddb7_33f66f31a03f4a2c8ae15b4a97f4406f.ogg.wav,Ρύζι
Βάζο_michalis_f0b0950456914f84abd6bbeaab8ee1c5_869840bb6e014befa4e62d1bfced9555.ogg.wav,Βάζο
Δέζη_michalis_f0b0950456914f84abd6bbeaab8ee1c5_765ce528aff54298bed76a960fa3eb4b.ogg.wav,Δέζη
Δόντι_michalis_f0b0950456914f84abd6bbeaab8ee1c5_b3ed823a02b941bf87fb4973e4206913.ogg.wav,Δόντι
Δώρο_michalis_f0b0950456914f84abd6bbeaab8ee1c5_62ad4f22a36743af859ec697cb2a9baa.ogg.wav,Δώρο
Δούζα_michalis_f0b0950456914f84abd6bbeaab8ee1c5_e240ab02194d422fb283f8fc050a7789.ogg.wav,Δούζα
Ζάρι_michalis_f0b0950456914f84abd6bbeaab8ee1c5_78af2fed59e4483a89a110ed4ebdb199.ogg.wav,Ζάρι
Ζέδου_michalis_f0b0950456914f84abd6bbeaab8ee1c5_4e20f06baadb4759b3d39f6626a4b3c7.ogg.wav,Ζέδου
Ζόδα_michalis_f0b0950456914f84abd6bbeaab8ee1c5_a536b0c559b64500be0eb4f2057bc05d.ogg.wav,Ζόδα
Ζώνη_michalis_f0b0950456914f84abd6bbeaab8ee1c5_f01c24809ecb45d490c5112dacb339f6.ogg.wav,Ζώνη
Κάδος_michalis_f0b0950456914f84abd6bbeaab8ee1c5_d0d9d1f092ee4aa98d6bdc376634fea0.ogg.wav,Κάδος
Πόδι_michalis_f0b0950456914f84abd6bbeaab8ee1c5_94803ed4ab7c4355bf492b4594ab1b3b.ogg.wav,Πόδι
Ρύζι_michalis_f0b0950456914f84abd6bbeaab8ee1c5_197f108ee4f44c978fb77b44187b2d05.ogg.wav,Ρύζι
Βάζο_anastasia_9faacbe30e294e3d9bbae827e0e0df1e_ad53cfc4b3a8470db1900565e957c8b8.ogg.wav,Βάζο
Δέζη_anastasia_9faacbe30e294e3d9bbae827e0e0df1e_5c7492d2f80241d5959a704ac29b9f5b.ogg.wav,Δέζη
Δόντι_anastasia_9faacbe30e294e3d9bbae827e0e0df1e_1ad9cf09d3074e54a31e4222605c3eb5.ogg.wav,Δόντι
Δώρο_anastasia_9faacbe30e294e3d9bbae827e0e0df1e_2da4c023e9884a5a872c99f97704b0ab.ogg.wav,Δώρο
Δούζα_anastasia_9faacbe30e294e3d9bbae827e0e0df1e_04b42602d9a24768bcdc015e011781b9.ogg.wav,Δούζα
Ζάρι_anastasia_9faacbe30e294e3d9bbae827e0e0df1e_9298a6cb2eb64790b1bc39aee4045210.ogg.wav,Ζάρι
Ζέδου_anastasia_9faacbe30e294e3d9bbae827e0e0df1e_c2624dc181c848b58504eb264b899063.ogg.wav,Ζέδου
Ζόδα_anastasia_9faacbe30e294e3d9bbae827e0e0df1e_e5270d76a7b64c3fafd962c6042fafaa.ogg.wav,Ζόδα
Ζώνη_anastasia_9faacbe30e294e3d9bbae827e0e0df1e_6d36eec896bf4c3fafe110c513d9e555.ogg.wav,Ζώνη
Κάδος_anastasia_9faacbe30e294e3d9bbae827e0e0df1e_7867dc8494ae47649eded8ce59733933.ogg.wav,Κάδος
Πόδι_anastasia_9faacbe30e294e3d9bbae827e0e0df1e_1cf0175e76ca4d5a986c58d631f43b5a.ogg.wav,Πόδι
Ρύζι_anastasia_9faacbe30e294e3d9bbae827e0e0df1e_19b8fc28039741839d657da6726d2e85.ogg.wav,Ρύζι
Βάζο_alekos_4d4e79b75b0a4824b5f343a5c21ca906_d2bcab3387f54b9f80276fd05601da32.ogg.wav,Βάζο
Δέζη_alekos_4d4e79b75b0a4824b5f343a5c21ca906_01ff7423179149e794ac3b3c6c2173bf.ogg.wav,Δέζη
Δόντι_alekos_4d4e79b75b0a4824b5f343a5c21ca906_6acdc337946e4b439d530b460666aa0d.ogg.wav,Δόντι
Δώρο_alekos_4d4e79b75b0a4824b5f343a5c21ca906_535203f64c914d3d92b24b16791386f3.ogg.wav,Δώρο
Δούζα_alekos_4d4e79b75b0a4824b5f343a5c21ca906_b6d92ff9dda74d5bb31a20aee73f1593.ogg.wav,Δούζα
Ζάρι_alekos_4d4e79b75b0a4824b5f343a5c21ca906_f0d3367a000945b4b84fad065005cd3b.ogg.wav,Ζάρι
Ζέδου_alekos_4d4e79b75b0a4824b5f343a5c21ca906_29ba4e34cea04977b30e1be8698ab8cc.ogg.wav,Ζέδου
Ζόδα_alekos_4d4e79b75b0a4824b5f343a5c21ca906_a9e0fff11ae44c53933f51028bb0b70f.ogg.wav,Ζόδα
Ζώνη_alekos_4d4e79b75b0a4824b5f343a5c21ca906_f1d3458448ae40799316d517ebbb9f76.ogg.wav,Ζώνη
Κάδος_alekos_4d4e79b75b0a4824b5f343a5c21ca906_dc50d775cb6f431a9f97f9f7edd29745.ogg.wav,Κάδος
Πόδι_alekos_4d4e79b75b0a4824b5f343a5c21ca906_263c6cadea574e7593b63eb26ebc2c05.ogg.wav,Πόδι
Ρύζι_alekos_4d4e79b75b0a4824b5f343a5c21ca906_c7cadae0272f442da1db11c2cffb3755.ogg.wav,Ρύζι
Βάζο_xatzi_2181954617dd4147acbd864c07eafff2_8ef35de78a6b4475ab52e98791a42fa6.ogg.wav,Βάζο
Δέζη_xatzi_2181954617dd4147acbd864c07eafff2_1707e053dc314cab945410c03525bf36.ogg.wav,Δέζη
Δόντι_xatzi_2181954617dd4147acbd864c07eafff2_f455279e195f45fa9275486866cd963f.ogg.wav,Δόντι
Δώρο_xatzi_2181954617dd4147acbd864c07eafff2_9221cf93791e4d2a8a988d3b1fd34801.ogg.wav,Δώρο
Δούζα_xatzi_2181954617dd4147acbd864c07eafff2_ce3d3c4a0190498a9e270d74416e876f.ogg.wav,Δούζα
Ζάρι_xatzi_2181954617dd4147acbd864c07eafff2_85b7769ffe404d40beaf237e24160de2.ogg.wav,Ζάρι
Ζέδου_xatzi_2181954617dd4147acbd864c07eafff2_05c889940e75419fa9d01050e623a96e.ogg.wav,Ζέδου
Ζόδα_xatzi_2181954617dd4147acbd864c07eafff2_d95bfb29a0814597bcc2139ab07a8f34.ogg.wav,Ζόδα
Ζώνη_xatzi_2181954617dd4147acbd864c07eafff2_c531a5b912f7443d95b1564a18fc0030.ogg.wav,Ζώνη
Κάδος_xatzi_2181954617dd4147acbd864c07eafff2_583726c7adf1433f8b56df009116a1d0.ogg.wav,Κάδος
Πόδι_xatzi_2181954617dd4147acbd864c07eafff2_e5f9c6f2e5734062b27bc6bd5dd71065.ogg.wav,Πόδι
Ρύζι_xatzi_2181954617dd4147acbd864c07eafff2_79869e9df0ea483aa27f73d945c9aa56.ogg.wav,Ρύζι